id,alias,name,avg_rating,url,review_count,address,city,state,zip_code,latitude,longitude,date,rating,review
V49pn2KD8848gpSRMqLIww,bar-pa-tea-new-york-2,Bar Pa Tea,4.5,https://www.yelp.com/biz/bar-pa-tea-new-york-2?adjust_creative=U3LEAeelRDkwcg95qVfPWw&utm_campaign=yelp_api_v3&utm_medium=api_v3_business_search&utm_source=U3LEAeelRDkwcg95qVfPWw,826,,New York,NY,10012,40.72583832986661,-73.99800456775446,2022-07-06,5.0,Gloria & the entire team at Bar Pa Tea went above & beyond to making sure our wedding day was perfect. They showed up on a timely manner to setup the bubble...
V49pn2KD8848gpSRMqLIww,bar-pa-tea-new-york-2,Bar Pa Tea,4.5,https://www.yelp.com/biz/bar-pa-tea-new-york-2?adjust_creative=U3LEAeelRDkwcg95qVfPWw&utm_campaign=yelp_api_v3&utm_medium=api_v3_business_search&utm_source=U3LEAeelRDkwcg95qVfPWw,826,,New York,NY,10012,40.72583832986661,-73.99800456775446,2022-07-13,5.0,We loved having Bar Pa Tea cater during our wedding reception! Our guests loved the flavors and quality of their bubble tea - we picked brown sugar oolong...
V49pn2KD8848gpSRMqLIww,bar-pa-tea-new-york-2,Bar Pa Tea,4.5,https://www.yelp.com/biz/bar-pa-tea-new-york-2?adjust_creative=U3LEAeelRDkwcg95qVfPWw&utm_campaign=yelp_api_v3&utm_medium=api_v3_business_search&utm_source=U3LEAeelRDkwcg95qVfPWw,826,,New York,NY,10012,40.72583832986661,-73.99800456775446,2020-11-29,5.0,"- absolutely one of my favorite ice cream places in the city
- recommend: swirl (black tea/oolong tea) w/ large and mini bubbles
- black tea is definitely..."
AYjVpQ5jYz5gJJqXh_B_CA,teado-tea-shop-new-york-6,Teado Tea Shop,4.5,https://www.yelp.com/biz/teado-tea-shop-new-york-6?adjust_creative=U3LEAeelRDkwcg95qVfPWw&utm_campaign=yelp_api_v3&utm_medium=api_v3_business_search&utm_source=U3LEAeelRDkwcg95qVfPWw,448,145D Hester St,New York,NY,10002,40.7172143,-73.9949616,2022-07-03,5.0,The wait was pretty long when I went on a hot summer day. There were 10 people in line in front of us but took 40 minutes to get to the front. I ordered a...
AYjVpQ5jYz5gJJqXh_B_CA,teado-tea-shop-new-york-6,Teado Tea Shop,4.5,https://www.yelp.com/biz/teado-tea-shop-new-york-6?adjust_creative=U3LEAeelRDkwcg95qVfPWw&utm_campaign=yelp_api_v3&utm_medium=api_v3_business_search&utm_source=U3LEAeelRDkwcg95qVfPWw,448,145D Hester St,New York,NY,10002,40.7172143,-73.9949616,2022-07-02,5.0,"This place is truly an experience. It's a tiny, well decorated tea shop that's always playing ambient piano music in the background. Only one party is let..."
AYjVpQ5jYz5gJJqXh_B_CA,teado-tea-shop-new-york-6,Teado Tea Shop,4.5,https://www.yelp.com/biz/teado-tea-shop-new-york-6?adjust_creative=U3LEAeelRDkwcg95qVfPWw&utm_campaign=yelp_api_v3&utm_medium=api_v3_business_search&utm_source=U3LEAeelRDkwcg95qVfPWw,448,145D Hester St,New York,NY,10002,40.7172143,-73.9949616,2022-06-27,5.0,Teado is the go to spot for bubbletea in Chinatown! It has become my husband's favorite spot for Honey Jasmine Green Tea. I've tried a variety such as...
bvuPipiMPe5FURKZh06Zxg,tea-and-milk-astoria,Tea and Milk,4.5,https://www.yelp.com/biz/tea-and-milk-astoria?adjust_creative=U3LEAeelRDkwcg95qVfPWw&utm_campaign=yelp_api_v3&utm_medium=api_v3_business_search&utm_source=U3LEAeelRDkwcg95qVfPWw,472,32-02 34th Ave,Astoria,NY,11106,40.75904,-73.92631,2022-06-10,5.0,My wife and I have gone to Tea and Milk countless times since 2015. I truly think their bubble tea is the best in the city thanks to the use of very fresh...
bvuPipiMPe5FURKZh06Zxg,tea-and-milk-astoria,Tea and Milk,4.5,https://www.yelp.com/biz/tea-and-milk-astoria?adjust_creative=U3LEAeelRDkwcg95qVfPWw&utm_campaign=yelp_api_v3&utm_medium=api_v3_business_search&utm_source=U3LEAeelRDkwcg95qVfPWw,472,32-02 34th Ave,Astoria,NY,11106,40.75904,-73.92631,2022-06-18,5.0,So in addition to my typical order of tea I decided to try one of their bahn mi sandwich offerings. Tough choosing between all of their scrumptious...
bvuPipiMPe5FURKZh06Zxg,tea-and-milk-astoria,Tea and Milk,4.5,https://www.yelp.com/biz/tea-and-milk-astoria?adjust_creative=U3LEAeelRDkwcg95qVfPWw&utm_campaign=yelp_api_v3&utm_medium=api_v3_business_search&utm_source=U3LEAeelRDkwcg95qVfPWw,472,32-02 34th Ave,Astoria,NY,11106,40.75904,-73.92631,2022-06-02,5.0,"I've been slowly making my way through the menu and right now my favorites are the Thai Milk Tea, Roasted Oolong Brown Sugar Milk Tea  (50%, less sugar, w..."
fUcjBGgmTlvxXn2azvAijw,yumpling-long-island-city,Yumpling,4.5,https://www.yelp.com/biz/yumpling-long-island-city?adjust_creative=U3LEAeelRDkwcg95qVfPWw&utm_campaign=yelp_api_v3&utm_medium=api_v3_business_search&utm_source=U3LEAeelRDkwcg95qVfPWw,314,4911 Vernon Blvd,Long Island City,NY,11101,40.7430199,-73.9538229,2022-06-11,5.0,10/10 would eat here again and again and again. Very cute Taiwanese place to grab a snack or a whole meal. Their Taiwanese popcorn chicken is so crispy and...
fUcjBGgmTlvxXn2azvAijw,yumpling-long-island-city,Yumpling,4.5,https://www.yelp.com/biz/yumpling-long-island-city?adjust_creative=U3LEAeelRDkwcg95qVfPWw&utm_campaign=yelp_api_v3&utm_medium=api_v3_business_search&utm_source=U3LEAeelRDkwcg95qVfPWw,314,4911 Vernon Blvd,Long Island City,NY,11101,40.7430199,-73.9538229,2022-06-18,4.0,"super tasty and quick taiwanese food

got the pork and chive dumplings- a bit too salty and saucy though but still yummy and very flavorful

would come back..."
fUcjBGgmTlvxXn2azvAijw,yumpling-long-island-city,Yumpling,4.5,https://www.yelp.com/biz/yumpling-long-island-city?adjust_creative=U3LEAeelRDkwcg95qVfPWw&utm_campaign=yelp_api_v3&utm_medium=api_v3_business_search&utm_source=U3LEAeelRDkwcg95qVfPWw,314,4911 Vernon Blvd,Long Island City,NY,11101,40.7430199,-73.9538229,2022-05-22,5.0,I'm Taiwanese American and recently moved to Long Island City from Flushing/Fresh Meadows and was craving for legitimate Taiwanese food. Lo and behold saw...
ytYVlCkrzcAxxUcbT4NTgA,juice-vitality-new-york,Juice Vitality,5.0,https://www.yelp.com/biz/juice-vitality-new-york?adjust_creative=U3LEAeelRDkwcg95qVfPWw&utm_campaign=yelp_api_v3&utm_medium=api_v3_business_search&utm_source=U3LEAeelRDkwcg95qVfPWw,213,192 1st Ave,New York,NY,10009,40.72966,-73.9834,2022-06-26,5.0,"I'll keep this short and sweet because the other reviews say it all. They make the smoothies with high quality ingredients and the price point is there, the..."
ytYVlCkrzcAxxUcbT4NTgA,juice-vitality-new-york,Juice Vitality,5.0,https://www.yelp.com/biz/juice-vitality-new-york?adjust_creative=U3LEAeelRDkwcg95qVfPWw&utm_campaign=yelp_api_v3&utm_medium=api_v3_business_search&utm_source=U3LEAeelRDkwcg95qVfPWw,213,192 1st Ave,New York,NY,10009,40.72966,-73.9834,2021-10-02,5.0,One of the best juice places I've ever been to! My friend got the Mango Lychee Smoothie and it was so refreshing and tasty. I'm usually not into fruit...
ytYVlCkrzcAxxUcbT4NTgA,juice-vitality-new-york,Juice Vitality,5.0,https://www.yelp.com/biz/juice-vitality-new-york?adjust_creative=U3LEAeelRDkwcg95qVfPWw&utm_campaign=yelp_api_v3&utm_medium=api_v3_business_search&utm_source=U3LEAeelRDkwcg95qVfPWw,213,192 1st Ave,New York,NY,10009,40.72966,-73.9834,2022-06-24,5.0,Great açaí bowls!! I'd definitely recommend this place. Haven't tried their smoothies but those look good too.
NqnYnZtajJ4Y-Lmxa26VdA,hancos-brooklyn,Hanco's,4.0,https://www.yelp.com/biz/hancos-brooklyn?adjust_creative=U3LEAeelRDkwcg95qVfPWw&utm_campaign=yelp_api_v3&utm_medium=api_v3_business_search&utm_source=U3LEAeelRDkwcg95qVfPWw,710,134 Smith St,Brooklyn,NY,11201,40.6870318621828,-73.9904292380982,2022-02-08,5.0,"The vegan pork banh mi is THE banh mi for me. The carrots are marinated deliciously, the vegan pork is incredibly tasty. I compare all other banh mi's to..."
NqnYnZtajJ4Y-Lmxa26VdA,hancos-brooklyn,Hanco's,4.0,https://www.yelp.com/biz/hancos-brooklyn?adjust_creative=U3LEAeelRDkwcg95qVfPWw&utm_campaign=yelp_api_v3&utm_medium=api_v3_business_search&utm_source=U3LEAeelRDkwcg95qVfPWw,710,134 Smith St,Brooklyn,NY,11201,40.6870318621828,-73.9904292380982,2022-04-28,1.0,"Unacceptable food quality, portions & customer service. 

Ordered salad with grilled chicken, paying $5 extra for extra chicken. Despite the $16 price, it..."
NqnYnZtajJ4Y-Lmxa26VdA,hancos-brooklyn,Hanco's,4.0,https://www.yelp.com/biz/hancos-brooklyn?adjust_creative=U3LEAeelRDkwcg95qVfPWw&utm_campaign=yelp_api_v3&utm_medium=api_v3_business_search&utm_source=U3LEAeelRDkwcg95qVfPWw,710,134 Smith St,Brooklyn,NY,11201,40.6870318621828,-73.9904292380982,2022-04-15,4.0,"This review is for takeout.

My husband and I order delivery from Hanco's quite often. It's always solid - piping hot and rich broth, generous amount of..."
DbhBca8LzskjS0B-L4QfZg,tiger-sugar-new-york-9,Tiger Sugar,4.0,https://www.yelp.com/biz/tiger-sugar-new-york-9?adjust_creative=U3LEAeelRDkwcg95qVfPWw&utm_campaign=yelp_api_v3&utm_medium=api_v3_business_search&utm_source=U3LEAeelRDkwcg95qVfPWw,524,197 Canal St,New York,NY,10013,40.717891007822274,-73.99977985007176,2022-06-13,5.0,"I ordered their number 1 drink, the brown sugar boba with coffee jelly. It came out very quickly, and the warm boba was cooked perfectly. Make sure to stir..."
DbhBca8LzskjS0B-L4QfZg,tiger-sugar-new-york-9,Tiger Sugar,4.0,https://www.yelp.com/biz/tiger-sugar-new-york-9?adjust_creative=U3LEAeelRDkwcg95qVfPWw&utm_campaign=yelp_api_v3&utm_medium=api_v3_business_search&utm_source=U3LEAeelRDkwcg95qVfPWw,524,197 Canal St,New York,NY,10013,40.717891007822274,-73.99977985007176,2022-03-26,5.0,"When you walk in, you'll order at the tablet at the front if paying with a card. If paying with cash, you'll go up to the counter and order with an..."
DbhBca8LzskjS0B-L4QfZg,tiger-sugar-new-york-9,Tiger Sugar,4.0,https://www.yelp.com/biz/tiger-sugar-new-york-9?adjust_creative=U3LEAeelRDkwcg95qVfPWw&utm_campaign=yelp_api_v3&utm_medium=api_v3_business_search&utm_source=U3LEAeelRDkwcg95qVfPWw,524,197 Canal St,New York,NY,10013,40.717891007822274,-73.99977985007176,2022-03-12,5.0,"A welcome boba perspective to a vibrant NYC landscape of boba shops.

Delicious boba with a creamy shot of goodness and perfectly Q boba. This is the type..."
Q0JWPHcXTDKNP4c8QNU4pw,taiyaki-nyc-williamsburg-brooklyn-7,Taiyaki NYC - Williamsburg ,4.5,https://www.yelp.com/biz/taiyaki-nyc-williamsburg-brooklyn-7?adjust_creative=U3LEAeelRDkwcg95qVfPWw&utm_campaign=yelp_api_v3&utm_medium=api_v3_business_search&utm_source=U3LEAeelRDkwcg95qVfPWw,266,294 Bedford Ave,Brooklyn,NY,11249,40.7143691,-73.9615536,2022-06-19,5.0,"Yasssssss ! 
 
After dinner we were looking for a dessert place and i realized that this place was near us. I've been dying to try this place since I've..."
Q0JWPHcXTDKNP4c8QNU4pw,taiyaki-nyc-williamsburg-brooklyn-7,Taiyaki NYC - Williamsburg ,4.5,https://www.yelp.com/biz/taiyaki-nyc-williamsburg-brooklyn-7?adjust_creative=U3LEAeelRDkwcg95qVfPWw&utm_campaign=yelp_api_v3&utm_medium=api_v3_business_search&utm_source=U3LEAeelRDkwcg95qVfPWw,266,294 Bedford Ave,Brooklyn,NY,11249,40.7143691,-73.9615536,2022-02-13,5.0,"I've been to this place about 3 or 4 times now and I just can't get enough! 

For your first time, I would highly recommend getting one of the signature..."
Q0JWPHcXTDKNP4c8QNU4pw,taiyaki-nyc-williamsburg-brooklyn-7,Taiyaki NYC - Williamsburg ,4.5,https://www.yelp.com/biz/taiyaki-nyc-williamsburg-brooklyn-7?adjust_creative=U3LEAeelRDkwcg95qVfPWw&utm_campaign=yelp_api_v3&utm_medium=api_v3_business_search&utm_source=U3LEAeelRDkwcg95qVfPWw,266,294 Bedford Ave,Brooklyn,NY,11249,40.7143691,-73.9615536,2022-01-13,4.0,"Cute Dessert. Popular. Expansive Menu. Wheelchair Accessible. Fun Location. See below for more: 

Cute Dessert:
Taiyaki must be made of copper and tellurium..."
6xPlSpyxE3PLJVeRvt2BwQ,yaya-tea-garden-new-york-3,Yaya Tea Garden,4.0,https://www.yelp.com/biz/yaya-tea-garden-new-york-3?adjust_creative=U3LEAeelRDkwcg95qVfPWw&utm_campaign=yelp_api_v3&utm_medium=api_v3_business_search&utm_source=U3LEAeelRDkwcg95qVfPWw,514,51 Chrystie St,New York,NY,10002,40.7162999,-73.99496,2022-06-19,5.0,I got the takoyaki onigiri as a little afternoon snack and it was great! I really liked the size and it was so warm. I also loved how flavorful the spicy...
6xPlSpyxE3PLJVeRvt2BwQ,yaya-tea-garden-new-york-3,Yaya Tea Garden,4.0,https://www.yelp.com/biz/yaya-tea-garden-new-york-3?adjust_creative=U3LEAeelRDkwcg95qVfPWw&utm_campaign=yelp_api_v3&utm_medium=api_v3_business_search&utm_source=U3LEAeelRDkwcg95qVfPWw,514,51 Chrystie St,New York,NY,10002,40.7162999,-73.99496,2022-07-10,4.0,"Taste: 4/5
Price: 3/5

first time here so I asked the cashier what the best selling onigiri  were and she said the yaya chicken (seasoned chicken, seaweed)..."
6xPlSpyxE3PLJVeRvt2BwQ,yaya-tea-garden-new-york-3,Yaya Tea Garden,4.0,https://www.yelp.com/biz/yaya-tea-garden-new-york-3?adjust_creative=U3LEAeelRDkwcg95qVfPWw&utm_campaign=yelp_api_v3&utm_medium=api_v3_business_search&utm_source=U3LEAeelRDkwcg95qVfPWw,514,51 Chrystie St,New York,NY,10002,40.7162999,-73.99496,2022-02-15,2.0,"After getting chicken over rice at the sensational Wah Fung, I wanted to pair it with a drink. Yaya was only a block away so I decided to try it. It is..."
YVfmHNQMFwOiS52niAQajA,surreal-creamery-new-york-2,Surreal Creamery,4.5,https://www.yelp.com/biz/surreal-creamery-new-york-2?adjust_creative=U3LEAeelRDkwcg95qVfPWw&utm_campaign=yelp_api_v3&utm_medium=api_v3_business_search&utm_source=U3LEAeelRDkwcg95qVfPWw,370,538 2nd Ave,New York,NY,10016,40.742016,-73.977582,2022-07-01,5.0,Amazing soft serve with different flavors and toppings. The mason jars to take home are a huge highlight
YVfmHNQMFwOiS52niAQajA,surreal-creamery-new-york-2,Surreal Creamery,4.5,https://www.yelp.com/biz/surreal-creamery-new-york-2?adjust_creative=U3LEAeelRDkwcg95qVfPWw&utm_campaign=yelp_api_v3&utm_medium=api_v3_business_search&utm_source=U3LEAeelRDkwcg95qVfPWw,370,538 2nd Ave,New York,NY,10016,40.742016,-73.977582,2022-07-04,5.0,"My co-worker mentioned this spot to me back in April & finally made my way out over here. Located on 538 2nd Ave Manhattan, NY Surreal Creamery is a nice..."
YVfmHNQMFwOiS52niAQajA,surreal-creamery-new-york-2,Surreal Creamery,4.5,https://www.yelp.com/biz/surreal-creamery-new-york-2?adjust_creative=U3LEAeelRDkwcg95qVfPWw&utm_campaign=yelp_api_v3&utm_medium=api_v3_business_search&utm_source=U3LEAeelRDkwcg95qVfPWw,370,538 2nd Ave,New York,NY,10016,40.742016,-73.977582,2022-07-03,2.0,"Overrated. If ur asking to pay this much $$$ for ice cream, the taste better blow my mind. I ordered vanilla Oreo, and honestly, the best part of the ice..."
WxNlqGSsj_2TCodkx9Sa4A,vivi-bubble-tea-new-york-6,ViVi Bubble Tea,4.0,https://www.yelp.com/biz/vivi-bubble-tea-new-york-6?adjust_creative=U3LEAeelRDkwcg95qVfPWw&utm_campaign=yelp_api_v3&utm_medium=api_v3_business_search&utm_source=U3LEAeelRDkwcg95qVfPWw,658,49 Bayard St,New York,NY,10013,40.715099,-73.997535,2022-01-11,4.0,"Peach aloe fruit tea is the bomb!!! It tastes fresh- it already comes with toppings so no need to order more. Only one size (L). Sadly, they don't have..."
WxNlqGSsj_2TCodkx9Sa4A,vivi-bubble-tea-new-york-6,ViVi Bubble Tea,4.0,https://www.yelp.com/biz/vivi-bubble-tea-new-york-6?adjust_creative=U3LEAeelRDkwcg95qVfPWw&utm_campaign=yelp_api_v3&utm_medium=api_v3_business_search&utm_source=U3LEAeelRDkwcg95qVfPWw,658,49 Bayard St,New York,NY,10013,40.715099,-73.997535,2022-01-03,4.0,"Cute, friendly, fast service. 

We went shopping in the district and stopped for boba tea. The place has cute drawing on the wall. It's mostly pink. The..."
WxNlqGSsj_2TCodkx9Sa4A,vivi-bubble-tea-new-york-6,ViVi Bubble Tea,4.0,https://www.yelp.com/biz/vivi-bubble-tea-new-york-6?adjust_creative=U3LEAeelRDkwcg95qVfPWw&utm_campaign=yelp_api_v3&utm_medium=api_v3_business_search&utm_source=U3LEAeelRDkwcg95qVfPWw,658,49 Bayard St,New York,NY,10013,40.715099,-73.997535,2021-11-30,5.0,"Coffee Jelly Boba and Vivi Signature Fruit Tea. Just...just, perfection. Places like this make me realize how much we're lacking in Charlotte. The great..."
FKjAriOhhGZJSlkqrk8zWg,i-milky-沐白-new-york-4,I’Milky 沐白,4.5,https://www.yelp.com/biz/i-milky-%E6%B2%90%E7%99%BD-new-york-4?adjust_creative=U3LEAeelRDkwcg95qVfPWw&utm_campaign=yelp_api_v3&utm_medium=api_v3_business_search&utm_source=U3LEAeelRDkwcg95qVfPWw,310,992 6th Ave,New York,NY,10018,40.7513413,-73.9864468,2022-07-13,5.0,"Shrimp rice ball and Fresh Mango Green Tea

Both were really good, I only wish maybe there was a little more shrimp."
FKjAriOhhGZJSlkqrk8zWg,i-milky-沐白-new-york-4,I’Milky 沐白,4.5,https://www.yelp.com/biz/i-milky-%E6%B2%90%E7%99%BD-new-york-4?adjust_creative=U3LEAeelRDkwcg95qVfPWw&utm_campaign=yelp_api_v3&utm_medium=api_v3_business_search&utm_source=U3LEAeelRDkwcg95qVfPWw,310,992 6th Ave,New York,NY,10018,40.7513413,-73.9864468,2022-07-19,4.0,"I got the taro coconut milk with pudding. It was good, but could've used a little bit more taro. I went mid day and waited 8 minutes for my order. There are..."
FKjAriOhhGZJSlkqrk8zWg,i-milky-沐白-new-york-4,I’Milky 沐白,4.5,https://www.yelp.com/biz/i-milky-%E6%B2%90%E7%99%BD-new-york-4?adjust_creative=U3LEAeelRDkwcg95qVfPWw&utm_campaign=yelp_api_v3&utm_medium=api_v3_business_search&utm_source=U3LEAeelRDkwcg95qVfPWw,310,992 6th Ave,New York,NY,10018,40.7513413,-73.9864468,2022-07-08,2.0,Not sure why this place has such good reviews tbh... The inside seating area is very small and very dirty.. The chairs look like they were never sanitized...
AtUxlW7ltZb73ZXMwpkY_g,sashimi-express-new-york-2,Sashimi Express,4.5,https://www.yelp.com/biz/sashimi-express-new-york-2?adjust_creative=U3LEAeelRDkwcg95qVfPWw&utm_campaign=yelp_api_v3&utm_medium=api_v3_business_search&utm_source=U3LEAeelRDkwcg95qVfPWw,356,226 E 78th St,New York,NY,10075,40.77310350151626,-73.95696452128081,2022-07-12,5.0,"Tl;dr 

Quick service and fresh, extremely affordably priced fish with very limited indoor seating. Cash only!

Overall,

My gf and I ordered the personal..."
AtUxlW7ltZb73ZXMwpkY_g,sashimi-express-new-york-2,Sashimi Express,4.5,https://www.yelp.com/biz/sashimi-express-new-york-2?adjust_creative=U3LEAeelRDkwcg95qVfPWw&utm_campaign=yelp_api_v3&utm_medium=api_v3_business_search&utm_source=U3LEAeelRDkwcg95qVfPWw,356,226 E 78th St,New York,NY,10075,40.77310350151626,-73.95696452128081,2022-06-29,5.0,"This place is truly a gem. Please order from them in person if you can, because the delivery services force most of their restaurants to up charge their..."
AtUxlW7ltZb73ZXMwpkY_g,sashimi-express-new-york-2,Sashimi Express,4.5,https://www.yelp.com/biz/sashimi-express-new-york-2?adjust_creative=U3LEAeelRDkwcg95qVfPWw&utm_campaign=yelp_api_v3&utm_medium=api_v3_business_search&utm_source=U3LEAeelRDkwcg95qVfPWw,356,226 E 78th St,New York,NY,10075,40.77310350151626,-73.95696452128081,2022-06-15,5.0,"The reviews don't lie: in the UES, this is the go-to spot when you're craving sushi but want to eat on the cheap.

Hard to beat these prices: it's..."
SqVHETmH6bf3rPKmdftvvw,ten-rens-tea-time-new-york-2,Ten Ren's Tea Time,4.0,https://www.yelp.com/biz/ten-rens-tea-time-new-york-2?adjust_creative=U3LEAeelRDkwcg95qVfPWw&utm_campaign=yelp_api_v3&utm_medium=api_v3_business_search&utm_source=U3LEAeelRDkwcg95qVfPWw,663,73 Mott St,New York,NY,10013,40.7163819,-73.9982683,2022-06-08,5.0,"This is my favorite bubble tea place EVER. I used to live in Philly and would take a bus ride up to Manhattan at least once a month, and every single time I..."
SqVHETmH6bf3rPKmdftvvw,ten-rens-tea-time-new-york-2,Ten Ren's Tea Time,4.0,https://www.yelp.com/biz/ten-rens-tea-time-new-york-2?adjust_creative=U3LEAeelRDkwcg95qVfPWw&utm_campaign=yelp_api_v3&utm_medium=api_v3_business_search&utm_source=U3LEAeelRDkwcg95qVfPWw,663,73 Mott St,New York,NY,10013,40.7163819,-73.9982683,2022-06-02,5.0,I haven't seen a Ten Ren in ages and was so happy to see this in Chinatown! I was even happier when it tasted just like home! Ten Ren has always been one of...
SqVHETmH6bf3rPKmdftvvw,ten-rens-tea-time-new-york-2,Ten Ren's Tea Time,4.0,https://www.yelp.com/biz/ten-rens-tea-time-new-york-2?adjust_creative=U3LEAeelRDkwcg95qVfPWw&utm_campaign=yelp_api_v3&utm_medium=api_v3_business_search&utm_source=U3LEAeelRDkwcg95qVfPWw,663,73 Mott St,New York,NY,10013,40.7163819,-73.9982683,2022-04-30,4.0,"Ten ren's tea time is inside a tea store, which is fun to browse while you wait for your bubble tea. I got a taro slush with boba, and it was great...."
7Dp291PAk4ufpk6iQJpwsw,mi-tea-new-york-4,Mi Tea,4.5,https://www.yelp.com/biz/mi-tea-new-york-4?adjust_creative=U3LEAeelRDkwcg95qVfPWw&utm_campaign=yelp_api_v3&utm_medium=api_v3_business_search&utm_source=U3LEAeelRDkwcg95qVfPWw,146,101 MacDougal St,New York,NY,10012,40.72965,-74.00092,2022-06-28,5.0,Awesome place to get a drink! Best customer service! The owner is friendly and makes you feel welcomed!
7Dp291PAk4ufpk6iQJpwsw,mi-tea-new-york-4,Mi Tea,4.5,https://www.yelp.com/biz/mi-tea-new-york-4?adjust_creative=U3LEAeelRDkwcg95qVfPWw&utm_campaign=yelp_api_v3&utm_medium=api_v3_business_search&utm_source=U3LEAeelRDkwcg95qVfPWw,146,101 MacDougal St,New York,NY,10012,40.72965,-74.00092,2022-06-24,5.0,"super welcoming and friendly staff, struck up a conversation and the owner was so kind!"
7Dp291PAk4ufpk6iQJpwsw,mi-tea-new-york-4,Mi Tea,4.5,https://www.yelp.com/biz/mi-tea-new-york-4?adjust_creative=U3LEAeelRDkwcg95qVfPWw&utm_campaign=yelp_api_v3&utm_medium=api_v3_business_search&utm_source=U3LEAeelRDkwcg95qVfPWw,146,101 MacDougal St,New York,NY,10012,40.72965,-74.00092,2022-06-17,5.0,"This is a great bubble tea spot! They have a large variety of drinks on the menu and a cute interior with 2 small tables. 

The best part about this place..."
uqzVqsDfrsH2mWVGn_yOSQ,patea-new-york-6,PaTea,4.5,https://www.yelp.com/biz/patea-new-york-6?adjust_creative=U3LEAeelRDkwcg95qVfPWw&utm_campaign=yelp_api_v3&utm_medium=api_v3_business_search&utm_source=U3LEAeelRDkwcg95qVfPWw,252,227 E 14th St,New York,NY,10003,40.73306,-73.98589,2022-05-07,5.0,The cutest and smallest boba shop in the area! I ordered the stubby which is 30 oz and I have no regrets. I got the rose milk tea with boba and 70% sugar. I...
uqzVqsDfrsH2mWVGn_yOSQ,patea-new-york-6,PaTea,4.5,https://www.yelp.com/biz/patea-new-york-6?adjust_creative=U3LEAeelRDkwcg95qVfPWw&utm_campaign=yelp_api_v3&utm_medium=api_v3_business_search&utm_source=U3LEAeelRDkwcg95qVfPWw,252,227 E 14th St,New York,NY,10003,40.73306,-73.98589,2022-03-27,4.0,"Visited PaTea for the second time and ordered the Matcha Tea Latte with Almond milk and bubbles. Really liked that they offer a non dairy alternative, but..."
uqzVqsDfrsH2mWVGn_yOSQ,patea-new-york-6,PaTea,4.5,https://www.yelp.com/biz/patea-new-york-6?adjust_creative=U3LEAeelRDkwcg95qVfPWw&utm_campaign=yelp_api_v3&utm_medium=api_v3_business_search&utm_source=U3LEAeelRDkwcg95qVfPWw,252,227 E 14th St,New York,NY,10003,40.73306,-73.98589,2021-12-12,5.0,"Check out my in-depth review on Insta @dlireviews! :) 

Was craving boba after a meal, and after surveying nearby options in East Village, I landed on PaTea..."
CPY7tIaJ8XaEEZ9n7xBvkw,banh-mi-place-brooklyn,Banh Mi Place,4.0,https://www.yelp.com/biz/banh-mi-place-brooklyn?adjust_creative=U3LEAeelRDkwcg95qVfPWw&utm_campaign=yelp_api_v3&utm_medium=api_v3_business_search&utm_source=U3LEAeelRDkwcg95qVfPWw,300,824 Washington Ave,Brooklyn,NY,11238,40.6732865,-73.9631,2022-05-11,5.0,I was looking for a quick bite before my Bklyn Botanic Garden visit and decided on Vietnamese. I bookmarked this place as a reminder of different places to...
CPY7tIaJ8XaEEZ9n7xBvkw,banh-mi-place-brooklyn,Banh Mi Place,4.0,https://www.yelp.com/biz/banh-mi-place-brooklyn?adjust_creative=U3LEAeelRDkwcg95qVfPWw&utm_campaign=yelp_api_v3&utm_medium=api_v3_business_search&utm_source=U3LEAeelRDkwcg95qVfPWw,300,824 Washington Ave,Brooklyn,NY,11238,40.6732865,-73.9631,2022-05-17,3.0,I stopped by Banh Mi Place on a weekday last month after hitting up the Brooklyn Botanic Garden.  The reviews looked pretty solid and there didn't seem to...
CPY7tIaJ8XaEEZ9n7xBvkw,banh-mi-place-brooklyn,Banh Mi Place,4.0,https://www.yelp.com/biz/banh-mi-place-brooklyn?adjust_creative=U3LEAeelRDkwcg95qVfPWw&utm_campaign=yelp_api_v3&utm_medium=api_v3_business_search&utm_source=U3LEAeelRDkwcg95qVfPWw,300,824 Washington Ave,Brooklyn,NY,11238,40.6732865,-73.9631,2022-04-27,3.0,"Coffee: good! Creamy sweet, viet coffee style
Grilled pork sandwich: solid flavor, decent amount of marinated pork 
Summer rolls: expensive and very..."
cWjl9L5VaM8lfUrb0dCPcg,hanco-s-brooklyn,Hanco’s,4.0,https://www.yelp.com/biz/hanco-s-brooklyn?adjust_creative=U3LEAeelRDkwcg95qVfPWw&utm_campaign=yelp_api_v3&utm_medium=api_v3_business_search&utm_source=U3LEAeelRDkwcg95qVfPWw,558,354 7th Ave,Brooklyn,NY,11215,40.666206583447085,-73.982383,2022-05-18,4.0,The move to a new location a mere two doors down from their original Slope spot has done nothing to diminish the quality of Hanco's offerings--now you just...
cWjl9L5VaM8lfUrb0dCPcg,hanco-s-brooklyn,Hanco’s,4.0,https://www.yelp.com/biz/hanco-s-brooklyn?adjust_creative=U3LEAeelRDkwcg95qVfPWw&utm_campaign=yelp_api_v3&utm_medium=api_v3_business_search&utm_source=U3LEAeelRDkwcg95qVfPWw,558,354 7th Ave,Brooklyn,NY,11215,40.666206583447085,-73.982383,2022-04-21,5.0,My absolutely favorite sandwich ever!! The vegetarian pork banh mi. This sandwich is something that I dream about !! They also have delicious summer rolls...
cWjl9L5VaM8lfUrb0dCPcg,hanco-s-brooklyn,Hanco’s,4.0,https://www.yelp.com/biz/hanco-s-brooklyn?adjust_creative=U3LEAeelRDkwcg95qVfPWw&utm_campaign=yelp_api_v3&utm_medium=api_v3_business_search&utm_source=U3LEAeelRDkwcg95qVfPWw,558,354 7th Ave,Brooklyn,NY,11215,40.666206583447085,-73.982383,2021-12-21,4.0,"Very cute spot for quick viet cravings! Their menu has so many types of appetizer rolls, banh mi, salads, vermicelli, beef pho, rice dishes and..."
DjKAV1M7HWGGyzsfqUrcFw,debutea-new-york,Debutea,4.0,https://www.yelp.com/biz/debutea-new-york?adjust_creative=U3LEAeelRDkwcg95qVfPWw&utm_campaign=yelp_api_v3&utm_medium=api_v3_business_search&utm_source=U3LEAeelRDkwcg95qVfPWw,274,217 Thompson St,New York,NY,10012,40.729188,-73.9993244,2022-07-16,5.0,Obsessed. Yes the pricing is up there - $7.50 before tax and too for a small size YangZhiGanLu (GREEN TEA WITH FRESH CRUSHED MANGO AND ORGANIC COCONUT MILK...
DjKAV1M7HWGGyzsfqUrcFw,debutea-new-york,Debutea,4.0,https://www.yelp.com/biz/debutea-new-york?adjust_creative=U3LEAeelRDkwcg95qVfPWw&utm_campaign=yelp_api_v3&utm_medium=api_v3_business_search&utm_source=U3LEAeelRDkwcg95qVfPWw,274,217 Thompson St,New York,NY,10012,40.729188,-73.9993244,2022-07-01,5.0,"Everytime I visit lower Manhattan, I'll always go out of my way to visit Debutea.

What I like about Debutea is - there are two kiosks allow people to place..."
DjKAV1M7HWGGyzsfqUrcFw,debutea-new-york,Debutea,4.0,https://www.yelp.com/biz/debutea-new-york?adjust_creative=U3LEAeelRDkwcg95qVfPWw&utm_campaign=yelp_api_v3&utm_medium=api_v3_business_search&utm_source=U3LEAeelRDkwcg95qVfPWw,274,217 Thompson St,New York,NY,10012,40.729188,-73.9993244,2022-05-01,4.0,"My (in)famous friend Rose is a regular at the Brooklyn Debutea location, so when I was in New York for the day, we made a visit to this location. You can..."
wxlMX0tqhl8jK-FOt_1S-A,kung-fu-tea-new-york-31,Kung Fu Tea,4.0,https://www.yelp.com/biz/kung-fu-tea-new-york-31?adjust_creative=U3LEAeelRDkwcg95qVfPWw&utm_campaign=yelp_api_v3&utm_medium=api_v3_business_search&utm_source=U3LEAeelRDkwcg95qVfPWw,408,73 Chrystie St,New York,NY,10002,40.717113,-73.994558,2022-02-09,4.0,First time coming here. Thought it would be a quick in abs out but was shocked to see the length of the menu. There were so many options i spent 10 mins...
wxlMX0tqhl8jK-FOt_1S-A,kung-fu-tea-new-york-31,Kung Fu Tea,4.0,https://www.yelp.com/biz/kung-fu-tea-new-york-31?adjust_creative=U3LEAeelRDkwcg95qVfPWw&utm_campaign=yelp_api_v3&utm_medium=api_v3_business_search&utm_source=U3LEAeelRDkwcg95qVfPWw,408,73 Chrystie St,New York,NY,10002,40.717113,-73.994558,2022-06-18,4.0,"Friendly staff, super chill place and the milk tea is awesome! There's seriously so much to choose from. If you like tea, slushees or just sweet things ...."
wxlMX0tqhl8jK-FOt_1S-A,kung-fu-tea-new-york-31,Kung Fu Tea,4.0,https://www.yelp.com/biz/kung-fu-tea-new-york-31?adjust_creative=U3LEAeelRDkwcg95qVfPWw&utm_campaign=yelp_api_v3&utm_medium=api_v3_business_search&utm_source=U3LEAeelRDkwcg95qVfPWw,408,73 Chrystie St,New York,NY,10002,40.717113,-73.994558,2022-06-12,1.0,Update: Their customer service has declined tremendously. They charged me about $6 for a drink that was 95% all milk. They did not care about my concern or...
TL5bG4t5cw6NRp5UvI0dPw,cream-coffee-and-tea-shop-brooklyn-2,Cream Coffee & Tea Shop,4.5,https://www.yelp.com/biz/cream-coffee-and-tea-shop-brooklyn-2?adjust_creative=U3LEAeelRDkwcg95qVfPWw&utm_campaign=yelp_api_v3&utm_medium=api_v3_business_search&utm_source=U3LEAeelRDkwcg95qVfPWw,188,7210 B 3rd Ave,Brooklyn,NY,11209,40.6332643,-74.0272763,2022-07-09,5.0,Great service and awesome variety of coffee and tea. Love stopping by here for an oat latte or mango bubble tea. This is the only shop I know that serves...
TL5bG4t5cw6NRp5UvI0dPw,cream-coffee-and-tea-shop-brooklyn-2,Cream Coffee & Tea Shop,4.5,https://www.yelp.com/biz/cream-coffee-and-tea-shop-brooklyn-2?adjust_creative=U3LEAeelRDkwcg95qVfPWw&utm_campaign=yelp_api_v3&utm_medium=api_v3_business_search&utm_source=U3LEAeelRDkwcg95qVfPWw,188,7210 B 3rd Ave,Brooklyn,NY,11209,40.6332643,-74.0272763,2022-03-30,4.0,"Their salted caramel latte was SO good! Like, exceptionally good. 

It's take out only at this time and they also have bubble tea too. Can't wait to try..."
TL5bG4t5cw6NRp5UvI0dPw,cream-coffee-and-tea-shop-brooklyn-2,Cream Coffee & Tea Shop,4.5,https://www.yelp.com/biz/cream-coffee-and-tea-shop-brooklyn-2?adjust_creative=U3LEAeelRDkwcg95qVfPWw&utm_campaign=yelp_api_v3&utm_medium=api_v3_business_search&utm_source=U3LEAeelRDkwcg95qVfPWw,188,7210 B 3rd Ave,Brooklyn,NY,11209,40.6332643,-74.0272763,2022-06-27,5.0,"Cream is a fantastic neighborhood coffee shop. The baristas are very friendly and fast. I love the range of drinks they have, especially in the tea area. I..."
z6tXIo_91n3GiBM-ySsgIQ,kung-fu-tea-new-york-35,Kung Fu Tea,4.5,https://www.yelp.com/biz/kung-fu-tea-new-york-35?adjust_creative=U3LEAeelRDkwcg95qVfPWw&utm_campaign=yelp_api_v3&utm_medium=api_v3_business_search&utm_source=U3LEAeelRDkwcg95qVfPWw,258,28 St Marks Pl,New York,NY,10003,40.72885,-73.98857,2020-03-07,5.0,"such a friendly vibe in here and super clean!

cashier was so friendly and welcoming, come here for your bubble tea experience"
z6tXIo_91n3GiBM-ySsgIQ,kung-fu-tea-new-york-35,Kung Fu Tea,4.5,https://www.yelp.com/biz/kung-fu-tea-new-york-35?adjust_creative=U3LEAeelRDkwcg95qVfPWw&utm_campaign=yelp_api_v3&utm_medium=api_v3_business_search&utm_source=U3LEAeelRDkwcg95qVfPWw,258,28 St Marks Pl,New York,NY,10003,40.72885,-73.98857,2022-03-08,3.0,"The menu is very large and confusing, but there are endless bubble tea options. But it was overpriced and my cup was nearly full of ice with only a little..."
z6tXIo_91n3GiBM-ySsgIQ,kung-fu-tea-new-york-35,Kung Fu Tea,4.5,https://www.yelp.com/biz/kung-fu-tea-new-york-35?adjust_creative=U3LEAeelRDkwcg95qVfPWw&utm_campaign=yelp_api_v3&utm_medium=api_v3_business_search&utm_source=U3LEAeelRDkwcg95qVfPWw,258,28 St Marks Pl,New York,NY,10003,40.72885,-73.98857,2021-04-11,5.0,My go to spot to grab some Thai milk tea! I love the additional options included when it comes to toppings!
-68EJ6yIbtfPUdWXwUnlEw,bread-and-joe-brooklyn-2,Bread & Joe,5.0,https://www.yelp.com/biz/bread-and-joe-brooklyn-2?adjust_creative=U3LEAeelRDkwcg95qVfPWw&utm_campaign=yelp_api_v3&utm_medium=api_v3_business_search&utm_source=U3LEAeelRDkwcg95qVfPWw,108,618 4th Ave,Brooklyn,NY,11215,40.66485,-73.99383,2022-06-20,5.0,I stopped by Bread & Joe's this morning to grab a morning coffee and a quick bite. Service here is quick and the man working the counter was very friendly....
-68EJ6yIbtfPUdWXwUnlEw,bread-and-joe-brooklyn-2,Bread & Joe,5.0,https://www.yelp.com/biz/bread-and-joe-brooklyn-2?adjust_creative=U3LEAeelRDkwcg95qVfPWw&utm_campaign=yelp_api_v3&utm_medium=api_v3_business_search&utm_source=U3LEAeelRDkwcg95qVfPWw,108,618 4th Ave,Brooklyn,NY,11215,40.66485,-73.99383,2021-10-28,5.0,Stepped in to buy an earl grey milk tea with bubbles and a small coffee (all for 7 bucks). The bubble tea was not overly sweet (which is my preference) and...
-68EJ6yIbtfPUdWXwUnlEw,bread-and-joe-brooklyn-2,Bread & Joe,5.0,https://www.yelp.com/biz/bread-and-joe-brooklyn-2?adjust_creative=U3LEAeelRDkwcg95qVfPWw&utm_campaign=yelp_api_v3&utm_medium=api_v3_business_search&utm_source=U3LEAeelRDkwcg95qVfPWw,108,618 4th Ave,Brooklyn,NY,11215,40.66485,-73.99383,2020-02-18,5.0,"Ok, correction, 5 stars. I love this place. 2 important pieces for me: great americano using quality beans, and well-balanced, aromatic, chai latte. New..."
jsJdz6pvyYZjtut9vkUwBw,yaya-tea-grand-new-york-2,Yaya Tea Grand,4.0,https://www.yelp.com/biz/yaya-tea-grand-new-york-2?adjust_creative=U3LEAeelRDkwcg95qVfPWw&utm_campaign=yelp_api_v3&utm_medium=api_v3_business_search&utm_source=U3LEAeelRDkwcg95qVfPWw,300,206 Grand St,New York,NY,10013,40.7192268371582,-73.9962768554688,2022-06-13,5.0,This place has really good Onigiri and drinks! would highly recommend the shrimp tempura onigiri!
jsJdz6pvyYZjtut9vkUwBw,yaya-tea-grand-new-york-2,Yaya Tea Grand,4.0,https://www.yelp.com/biz/yaya-tea-grand-new-york-2?adjust_creative=U3LEAeelRDkwcg95qVfPWw&utm_campaign=yelp_api_v3&utm_medium=api_v3_business_search&utm_source=U3LEAeelRDkwcg95qVfPWw,300,206 Grand St,New York,NY,10013,40.7192268371582,-73.9962768554688,2022-02-02,4.0,"It's Lunar New Year!  Happy Lunar New Year!

I was hungry and needed food that was portable since there is no dining in right now.  
Decided on a small..."
jsJdz6pvyYZjtut9vkUwBw,yaya-tea-grand-new-york-2,Yaya Tea Grand,4.0,https://www.yelp.com/biz/yaya-tea-grand-new-york-2?adjust_creative=U3LEAeelRDkwcg95qVfPWw&utm_campaign=yelp_api_v3&utm_medium=api_v3_business_search&utm_source=U3LEAeelRDkwcg95qVfPWw,300,206 Grand St,New York,NY,10013,40.7192268371582,-73.9962768554688,2022-04-01,5.0,Still frequent this spot often to get rice balls and drinks for myself and the kiddies. Today I ordered via DoorDash on my way out so I thought I wouldn't...
kqA8RynDfBI4J_BtGfnDXQ,smoove-ice-cream-new-york-2,Smoove Ice Cream,4.5,https://www.yelp.com/biz/smoove-ice-cream-new-york-2?adjust_creative=U3LEAeelRDkwcg95qVfPWw&utm_campaign=yelp_api_v3&utm_medium=api_v3_business_search&utm_source=U3LEAeelRDkwcg95qVfPWw,125,279 Grand St,New York,NY,10002,40.717668,-73.992744,2022-07-13,5.0,"Nice little shop near Chinatown. It was small, but a good impactful visit. They had a lot of unnecessary things inside such as an ordering machine that was..."
kqA8RynDfBI4J_BtGfnDXQ,smoove-ice-cream-new-york-2,Smoove Ice Cream,4.5,https://www.yelp.com/biz/smoove-ice-cream-new-york-2?adjust_creative=U3LEAeelRDkwcg95qVfPWw&utm_campaign=yelp_api_v3&utm_medium=api_v3_business_search&utm_source=U3LEAeelRDkwcg95qVfPWw,125,279 Grand St,New York,NY,10002,40.717668,-73.992744,2022-06-09,4.0,"One of the few shops that sells croffles in Chinatown, Manhattan! Croffles were crispy and delicious, topped with ice cream and different toppings (we got..."
kqA8RynDfBI4J_BtGfnDXQ,smoove-ice-cream-new-york-2,Smoove Ice Cream,4.5,https://www.yelp.com/biz/smoove-ice-cream-new-york-2?adjust_creative=U3LEAeelRDkwcg95qVfPWw&utm_campaign=yelp_api_v3&utm_medium=api_v3_business_search&utm_source=U3LEAeelRDkwcg95qVfPWw,125,279 Grand St,New York,NY,10002,40.717668,-73.992744,2022-06-07,5.0,"Me and my friends just finished eating ayce at 99 and decided to come here to get drinks, which was very convenient. Smoove is basically right next to 99..."
T-LIITEQxff_2hH1hA21bQ,kung-fu-tea-new-york-10,Kung Fu Tea,4.5,https://www.yelp.com/biz/kung-fu-tea-new-york-10?adjust_creative=U3LEAeelRDkwcg95qVfPWw&utm_campaign=yelp_api_v3&utm_medium=api_v3_business_search&utm_source=U3LEAeelRDkwcg95qVfPWw,223,31 Waverly Pl,New York,NY,10003,40.730662,-73.995386833,2022-05-09,5.0,"KFT in Greenwich Village is one of my favorite spots for boba, if not my favorite in the area. I find the tapioca balls to be the most consistent here, with..."
T-LIITEQxff_2hH1hA21bQ,kung-fu-tea-new-york-10,Kung Fu Tea,4.5,https://www.yelp.com/biz/kung-fu-tea-new-york-10?adjust_creative=U3LEAeelRDkwcg95qVfPWw&utm_campaign=yelp_api_v3&utm_medium=api_v3_business_search&utm_source=U3LEAeelRDkwcg95qVfPWw,223,31 Waverly Pl,New York,NY,10003,40.730662,-73.995386833,2021-08-14,3.0,"I've tried a lot of boba places in the west coast and this was just okay.. The bubbles/boba were average and not that chewy. The drink, lychee black tea,..."
T-LIITEQxff_2hH1hA21bQ,kung-fu-tea-new-york-10,Kung Fu Tea,4.5,https://www.yelp.com/biz/kung-fu-tea-new-york-10?adjust_creative=U3LEAeelRDkwcg95qVfPWw&utm_campaign=yelp_api_v3&utm_medium=api_v3_business_search&utm_source=U3LEAeelRDkwcg95qVfPWw,223,31 Waverly Pl,New York,NY,10003,40.730662,-73.995386833,2022-04-17,5.0,Love kung fu!!! Very friendly staff. Great customer service!! Would definitely recommend.
za9mYaRVWkwKkQfjRgvU0g,taiwan-bear-house-new-york,Taiwan Bear House,4.0,https://www.yelp.com/biz/taiwan-bear-house-new-york?adjust_creative=U3LEAeelRDkwcg95qVfPWw&utm_campaign=yelp_api_v3&utm_medium=api_v3_business_search&utm_source=U3LEAeelRDkwcg95qVfPWw,334,11 Pell St,New York,NY,10013,40.7147185237041,-73.9977966218067,2022-06-02,5.0,I am from Taiwan and look for Taiwanese food all the time. this is the most authentic Taiwanese food I have ever found and it is so delicious. I couldn't...
za9mYaRVWkwKkQfjRgvU0g,taiwan-bear-house-new-york,Taiwan Bear House,4.0,https://www.yelp.com/biz/taiwan-bear-house-new-york?adjust_creative=U3LEAeelRDkwcg95qVfPWw&utm_campaign=yelp_api_v3&utm_medium=api_v3_business_search&utm_source=U3LEAeelRDkwcg95qVfPWw,334,11 Pell St,New York,NY,10013,40.7147185237041,-73.9977966218067,2022-06-01,5.0,Watched a 'Cheap Chinatown Eats' video by the Fung Bros and visited Taiwan Bear House based on their recommendation. I even ordered the Fried Chicken Leg...
za9mYaRVWkwKkQfjRgvU0g,taiwan-bear-house-new-york,Taiwan Bear House,4.0,https://www.yelp.com/biz/taiwan-bear-house-new-york?adjust_creative=U3LEAeelRDkwcg95qVfPWw&utm_campaign=yelp_api_v3&utm_medium=api_v3_business_search&utm_source=U3LEAeelRDkwcg95qVfPWw,334,11 Pell St,New York,NY,10013,40.7147185237041,-73.9977966218067,2022-05-07,5.0,Absolutely delicious -- another place that was on my list to try for a while! I've been to Taiwan and am always looking for delicious Taiwanese food in NYC...
bIEGK6ZEVhaTxEbCVQGuug,hawa-smoothies-and-bubble-tea-new-york,Hawa Smoothies & Bubble Tea,4.5,https://www.yelp.com/biz/hawa-smoothies-and-bubble-tea-new-york?adjust_creative=U3LEAeelRDkwcg95qVfPWw&utm_campaign=yelp_api_v3&utm_medium=api_v3_business_search&utm_source=U3LEAeelRDkwcg95qVfPWw,119,422 E 14th St,New York,NY,10009,40.73063,-73.98163,2022-04-03,5.0,"I know that there are many Hawa locations littered throughout NYC, but this location is the best IMO. The owner is a really lovely gentleman who smiles a..."
bIEGK6ZEVhaTxEbCVQGuug,hawa-smoothies-and-bubble-tea-new-york,Hawa Smoothies & Bubble Tea,4.5,https://www.yelp.com/biz/hawa-smoothies-and-bubble-tea-new-york?adjust_creative=U3LEAeelRDkwcg95qVfPWw&utm_campaign=yelp_api_v3&utm_medium=api_v3_business_search&utm_source=U3LEAeelRDkwcg95qVfPWw,119,422 E 14th St,New York,NY,10009,40.73063,-73.98163,2021-10-28,4.0,"This is probably the best boba I've had so far in nyc. Granted, I've only tried two other spots and one of them was Grace Street which I don't like and also..."
bIEGK6ZEVhaTxEbCVQGuug,hawa-smoothies-and-bubble-tea-new-york,Hawa Smoothies & Bubble Tea,4.5,https://www.yelp.com/biz/hawa-smoothies-and-bubble-tea-new-york?adjust_creative=U3LEAeelRDkwcg95qVfPWw&utm_campaign=yelp_api_v3&utm_medium=api_v3_business_search&utm_source=U3LEAeelRDkwcg95qVfPWw,119,422 E 14th St,New York,NY,10009,40.73063,-73.98163,2022-03-23,5.0,"A gem in the east village! Great service, great people. Food is always on point. Been a regular for almost 8 years"
9v4l7pz4J709z0mkqUpQbw,savory-thai-brooklyn-4,Savory Thai,4.5,https://www.yelp.com/biz/savory-thai-brooklyn-4?adjust_creative=U3LEAeelRDkwcg95qVfPWw&utm_campaign=yelp_api_v3&utm_medium=api_v3_business_search&utm_source=U3LEAeelRDkwcg95qVfPWw,107,378 Metropolitan Ave,Brooklyn,NY,11211,40.71395,-73.95554,2022-03-21,5.0,"The tamarind duck was amazing. Sauce is delicious, with rice and duck cooked perfectly. 

Thank you!!"
9v4l7pz4J709z0mkqUpQbw,savory-thai-brooklyn-4,Savory Thai,4.5,https://www.yelp.com/biz/savory-thai-brooklyn-4?adjust_creative=U3LEAeelRDkwcg95qVfPWw&utm_campaign=yelp_api_v3&utm_medium=api_v3_business_search&utm_source=U3LEAeelRDkwcg95qVfPWw,107,378 Metropolitan Ave,Brooklyn,NY,11211,40.71395,-73.95554,2022-03-09,5.0,"Honestly fire Thai food. 

Great flavors, everything tasted so authentic! Loved their pad krapow it was incredibly saucey and had a great kick to it. The..."
9v4l7pz4J709z0mkqUpQbw,savory-thai-brooklyn-4,Savory Thai,4.5,https://www.yelp.com/biz/savory-thai-brooklyn-4?adjust_creative=U3LEAeelRDkwcg95qVfPWw&utm_campaign=yelp_api_v3&utm_medium=api_v3_business_search&utm_source=U3LEAeelRDkwcg95qVfPWw,107,378 Metropolitan Ave,Brooklyn,NY,11211,40.71395,-73.95554,2022-03-02,5.0,"Delicious Thai food for a fair price in Williamsburg! 

Both the drunken noodles and fried rice were super flavorful. They don't skimp out on meat and the..."
W2B8KfNllQqIv_TyfCv85Q,gong-cha-new-york-9,Gong Cha,4.0,https://www.yelp.com/biz/gong-cha-new-york-9?adjust_creative=U3LEAeelRDkwcg95qVfPWw&utm_campaign=yelp_api_v3&utm_medium=api_v3_business_search&utm_source=U3LEAeelRDkwcg95qVfPWw,432,75 W 38th St,New York,NY,10018,40.7523752091444,-73.98557536304,2022-06-23,4.0,"Consistent good original bubbleTea
It's always packed but the line goes pretty fast. Service as expected"
W2B8KfNllQqIv_TyfCv85Q,gong-cha-new-york-9,Gong Cha,4.0,https://www.yelp.com/biz/gong-cha-new-york-9?adjust_creative=U3LEAeelRDkwcg95qVfPWw&utm_campaign=yelp_api_v3&utm_medium=api_v3_business_search&utm_source=U3LEAeelRDkwcg95qVfPWw,432,75 W 38th St,New York,NY,10018,40.7523752091444,-73.98557536304,2022-02-15,3.0,"I'm very familiar with Gong Cha as a boba spot but it didn't live up to the hype for me. However, I opted for one of the new seasonal drinks (watermelon..."
W2B8KfNllQqIv_TyfCv85Q,gong-cha-new-york-9,Gong Cha,4.0,https://www.yelp.com/biz/gong-cha-new-york-9?adjust_creative=U3LEAeelRDkwcg95qVfPWw&utm_campaign=yelp_api_v3&utm_medium=api_v3_business_search&utm_source=U3LEAeelRDkwcg95qVfPWw,432,75 W 38th St,New York,NY,10018,40.7523752091444,-73.98557536304,2022-04-03,5.0,The best of the best boba in town. Love all the gong cha franchises and the services is always amazing
Ez_D8xip-sRgHCW9hQ2VBQ,banhmigos-brooklyn-5,Banhmigos,4.0,https://www.yelp.com/biz/banhmigos-brooklyn-5?adjust_creative=U3LEAeelRDkwcg95qVfPWw&utm_campaign=yelp_api_v3&utm_medium=api_v3_business_search&utm_source=U3LEAeelRDkwcg95qVfPWw,303,178 Lincoln Pl,Brooklyn,NY,11217,40.67564023254107,-73.97439024648656,2020-10-31,5.0,"I've been ordering from this place for the past 4 yrs at least twice a week. 
I seriously believe this place should WIN some kind of reward for their Beef..."
Ez_D8xip-sRgHCW9hQ2VBQ,banhmigos-brooklyn-5,Banhmigos,4.0,https://www.yelp.com/biz/banhmigos-brooklyn-5?adjust_creative=U3LEAeelRDkwcg95qVfPWw&utm_campaign=yelp_api_v3&utm_medium=api_v3_business_search&utm_source=U3LEAeelRDkwcg95qVfPWw,303,178 Lincoln Pl,Brooklyn,NY,11217,40.67564023254107,-73.97439024648656,2022-07-02,1.0,"I ordered food online to pick up for a group. When I got to the restaurant, I was charged more than what the receipt from earlier said. When I asked the..."
Ez_D8xip-sRgHCW9hQ2VBQ,banhmigos-brooklyn-5,Banhmigos,4.0,https://www.yelp.com/biz/banhmigos-brooklyn-5?adjust_creative=U3LEAeelRDkwcg95qVfPWw&utm_campaign=yelp_api_v3&utm_medium=api_v3_business_search&utm_source=U3LEAeelRDkwcg95qVfPWw,303,178 Lincoln Pl,Brooklyn,NY,11217,40.67564023254107,-73.97439024648656,2021-12-04,5.0,"Decided to try this place as it is getting chilly outside and I was craving pho. Because of the store's name, I ordered Bahn Mi as well to try it. As other..."
0nvJPFqv5VD-Bf2WtzD0rA,one-more-charm-brooklyn,One More Charm,4.5,https://www.yelp.com/biz/one-more-charm-brooklyn?adjust_creative=U3LEAeelRDkwcg95qVfPWw&utm_campaign=yelp_api_v3&utm_medium=api_v3_business_search&utm_source=U3LEAeelRDkwcg95qVfPWw,120,236 7th Ave,Brooklyn,NY,11215,40.669892,-73.979454,2022-07-10,5.0,"A great Thai place in park slope with a huge variety of Asian drinks and milk tea! 

We ordered crispy calamari, wings, fried rice with Chinese sausage and..."
0nvJPFqv5VD-Bf2WtzD0rA,one-more-charm-brooklyn,One More Charm,4.5,https://www.yelp.com/biz/one-more-charm-brooklyn?adjust_creative=U3LEAeelRDkwcg95qVfPWw&utm_campaign=yelp_api_v3&utm_medium=api_v3_business_search&utm_source=U3LEAeelRDkwcg95qVfPWw,120,236 7th Ave,Brooklyn,NY,11215,40.669892,-73.979454,2022-07-03,5.0,"This quaint, small storefront could easily be overlooked, but make no mistake: it's the best Thai food in Brooklyn. I mean that. I'm going to cry when word..."
0nvJPFqv5VD-Bf2WtzD0rA,one-more-charm-brooklyn,One More Charm,4.5,https://www.yelp.com/biz/one-more-charm-brooklyn?adjust_creative=U3LEAeelRDkwcg95qVfPWw&utm_campaign=yelp_api_v3&utm_medium=api_v3_business_search&utm_source=U3LEAeelRDkwcg95qVfPWw,120,236 7th Ave,Brooklyn,NY,11215,40.669892,-73.979454,2022-06-21,4.0,"Nice staffs. Clean place. Love the backyard. Food was good. Ordered green curry (came with rice but small)
Soft shell crab mango salad- too salty for my..."
dnhEMFIYnkF0ke5oWv9hMg,bambu-new-york,BAMBU,4.5,https://www.yelp.com/biz/bambu-new-york?adjust_creative=U3LEAeelRDkwcg95qVfPWw&utm_campaign=yelp_api_v3&utm_medium=api_v3_business_search&utm_source=U3LEAeelRDkwcg95qVfPWw,102,124B Hester St,New York,NY,10002,40.71697,-73.99471,2022-06-20,5.0,"Incredible spot for Vietnamese dessert drinks! I got a Bambu Combo, which was packed with yummy stuff, including red beans, mung beans, taro, and assorted..."
dnhEMFIYnkF0ke5oWv9hMg,bambu-new-york,BAMBU,4.5,https://www.yelp.com/biz/bambu-new-york?adjust_creative=U3LEAeelRDkwcg95qVfPWw&utm_campaign=yelp_api_v3&utm_medium=api_v3_business_search&utm_source=U3LEAeelRDkwcg95qVfPWw,102,124B Hester St,New York,NY,10002,40.71697,-73.99471,2022-06-13,5.0,Very impressed with the drinks. Got the Bambu favorite drink which is one of the top selling drinks. The drinks came with topping on the bottom with a big...
dnhEMFIYnkF0ke5oWv9hMg,bambu-new-york,BAMBU,4.5,https://www.yelp.com/biz/bambu-new-york?adjust_creative=U3LEAeelRDkwcg95qVfPWw&utm_campaign=yelp_api_v3&utm_medium=api_v3_business_search&utm_source=U3LEAeelRDkwcg95qVfPWw,102,124B Hester St,New York,NY,10002,40.71697,-73.99471,2022-07-18,5.0,"I seriously love BAMBU! I have been to 4 different locations in 4 different states now! Can they just sponsor me already? Hahaha! No but seriously, this is..."
jYjJNB9qlmd6dbYZBaDjfw,biao-sugar-new-york,Biao Sugar,4.0,https://www.yelp.com/biz/biao-sugar-new-york?adjust_creative=U3LEAeelRDkwcg95qVfPWw&utm_campaign=yelp_api_v3&utm_medium=api_v3_business_search&utm_source=U3LEAeelRDkwcg95qVfPWw,337,1271 Broadway,New York,NY,10001,40.748280071327144,-73.98845807259094,2022-07-04,4.0,"The Brown Sugar Boba Milk with Coffee Foam and Jelly was pretty good. It wasn't as brown as the menu photos showed, but you can still taste the coffee. It..."
jYjJNB9qlmd6dbYZBaDjfw,biao-sugar-new-york,Biao Sugar,4.0,https://www.yelp.com/biz/biao-sugar-new-york?adjust_creative=U3LEAeelRDkwcg95qVfPWw&utm_campaign=yelp_api_v3&utm_medium=api_v3_business_search&utm_source=U3LEAeelRDkwcg95qVfPWw,337,1271 Broadway,New York,NY,10001,40.748280071327144,-73.98845807259094,2022-06-30,4.0,"The limited edition Devil's Egg drink comes in a cute reusable egg cup! If you bring the cup back, you can get a refill for 40% off! 

Keep in mind, the..."
jYjJNB9qlmd6dbYZBaDjfw,biao-sugar-new-york,Biao Sugar,4.0,https://www.yelp.com/biz/biao-sugar-new-york?adjust_creative=U3LEAeelRDkwcg95qVfPWw&utm_campaign=yelp_api_v3&utm_medium=api_v3_business_search&utm_source=U3LEAeelRDkwcg95qVfPWw,337,1271 Broadway,New York,NY,10001,40.748280071327144,-73.98845807259094,2022-06-02,1.0,"For a boba store that only sell boba. You would think, they know what boba consistency is. If it's hard in the middle that means it's been sitting in the..."
bVJQEeRNi34-3XN_F1AZEg,xing-fu-tang-new-york,Xing Fu Tang,4.5,https://www.yelp.com/biz/xing-fu-tang-new-york?adjust_creative=U3LEAeelRDkwcg95qVfPWw&utm_campaign=yelp_api_v3&utm_medium=api_v3_business_search&utm_source=U3LEAeelRDkwcg95qVfPWw,140,133 2nd Ave,New York,NY,10003,40.7288,-73.98775,2022-06-28,5.0,"Best Bubble Tea in LES. Highly recommend the ice cream, I have tried about everything on the menu"
bVJQEeRNi34-3XN_F1AZEg,xing-fu-tang-new-york,Xing Fu Tang,4.5,https://www.yelp.com/biz/xing-fu-tang-new-york?adjust_creative=U3LEAeelRDkwcg95qVfPWw&utm_campaign=yelp_api_v3&utm_medium=api_v3_business_search&utm_source=U3LEAeelRDkwcg95qVfPWw,140,133 2nd Ave,New York,NY,10003,40.7288,-73.98775,2022-06-12,5.0,I love their brown sugar Boba. Best one in the area and made fresh. Their tea drinks not bad but not my go to. I also love how they have dairy free and...
bVJQEeRNi34-3XN_F1AZEg,xing-fu-tang-new-york,Xing Fu Tang,4.5,https://www.yelp.com/biz/xing-fu-tang-new-york?adjust_creative=U3LEAeelRDkwcg95qVfPWw&utm_campaign=yelp_api_v3&utm_medium=api_v3_business_search&utm_source=U3LEAeelRDkwcg95qVfPWw,140,133 2nd Ave,New York,NY,10003,40.7288,-73.98775,2022-07-13,4.0,This place is so good! I love that they have non dairy milk alternatives like oat milk and buckwheat milk! I haven't tried the buckwheat milk but i am...
Cml6xpr5GNhC_xI6iinHFw,dragon-tea-new-york-3,Dragon Tea,4.5,https://www.yelp.com/biz/dragon-tea-new-york-3?adjust_creative=U3LEAeelRDkwcg95qVfPWw&utm_campaign=yelp_api_v3&utm_medium=api_v3_business_search&utm_source=U3LEAeelRDkwcg95qVfPWw,120,106 Greenwich St,New York,NY,10006,40.70853,-74.013628,2022-06-14,5.0,Service was absolutely excellent. Obsessed! Woman behind the counter with the piercings and tattoos
Cml6xpr5GNhC_xI6iinHFw,dragon-tea-new-york-3,Dragon Tea,4.5,https://www.yelp.com/biz/dragon-tea-new-york-3?adjust_creative=U3LEAeelRDkwcg95qVfPWw&utm_campaign=yelp_api_v3&utm_medium=api_v3_business_search&utm_source=U3LEAeelRDkwcg95qVfPWw,120,106 Greenwich St,New York,NY,10006,40.70853,-74.013628,2022-06-02,5.0,Excellent customer service and the best boba I've had in NYC. A true hidden gem for boba.
Cml6xpr5GNhC_xI6iinHFw,dragon-tea-new-york-3,Dragon Tea,4.5,https://www.yelp.com/biz/dragon-tea-new-york-3?adjust_creative=U3LEAeelRDkwcg95qVfPWw&utm_campaign=yelp_api_v3&utm_medium=api_v3_business_search&utm_source=U3LEAeelRDkwcg95qVfPWw,120,106 Greenwich St,New York,NY,10006,40.70853,-74.013628,2022-05-07,5.0,"The white honey boba is out of this world! I havent seen this boba anywhere else so that makes this location a bit more exclusive :) 

We did a fun team..."
f_vDVYSk-VUnlGTvgtBwkQ,noodlecraft-long-island-city,Noodlecraft,4.5,https://www.yelp.com/biz/noodlecraft-long-island-city?adjust_creative=U3LEAeelRDkwcg95qVfPWw&utm_campaign=yelp_api_v3&utm_medium=api_v3_business_search&utm_source=U3LEAeelRDkwcg95qVfPWw,106,10-39 47th Rd,Long Island City,NY,11101,40.74471,-73.95182,2022-05-08,5.0,Ordered for delivery. The chicken noodle soup with rice noodles was so delicious that I literally would classify it as one of the best soups I've ever had!...
f_vDVYSk-VUnlGTvgtBwkQ,noodlecraft-long-island-city,Noodlecraft,4.5,https://www.yelp.com/biz/noodlecraft-long-island-city?adjust_creative=U3LEAeelRDkwcg95qVfPWw&utm_campaign=yelp_api_v3&utm_medium=api_v3_business_search&utm_source=U3LEAeelRDkwcg95qVfPWw,106,10-39 47th Rd,Long Island City,NY,11101,40.74471,-73.95182,2022-05-01,5.0,"NoodleCraft is a great neighborhood spot for yummy noodles. We had their laska noodles, which is my favorite, my husband always shoots for the beef noodle..."
f_vDVYSk-VUnlGTvgtBwkQ,noodlecraft-long-island-city,Noodlecraft,4.5,https://www.yelp.com/biz/noodlecraft-long-island-city?adjust_creative=U3LEAeelRDkwcg95qVfPWw&utm_campaign=yelp_api_v3&utm_medium=api_v3_business_search&utm_source=U3LEAeelRDkwcg95qVfPWw,106,10-39 47th Rd,Long Island City,NY,11101,40.74471,-73.95182,2022-04-23,5.0,Came on a Friday night around 7 or 8 PM w a group of 6 and we didn't have to wait. There's a decent amount of seating and both large and small style tables...
7ov7U0U9UbzRjlLw7wL9bg,the-teapsy-new-york-astoria,The Teapsy New York,4.5,https://www.yelp.com/biz/the-teapsy-new-york-astoria?adjust_creative=U3LEAeelRDkwcg95qVfPWw&utm_campaign=yelp_api_v3&utm_medium=api_v3_business_search&utm_source=U3LEAeelRDkwcg95qVfPWw,175,33-17 30th Ave,Astoria,NY,11103,40.7658014094971,-73.9191635864046,2022-06-05,5.0,"My friend recommended this tea place since it's freshly brew tea and doesn't use powder.

This is a small takeout place.  You order from a tablet.  In a few..."
7ov7U0U9UbzRjlLw7wL9bg,the-teapsy-new-york-astoria,The Teapsy New York,4.5,https://www.yelp.com/biz/the-teapsy-new-york-astoria?adjust_creative=U3LEAeelRDkwcg95qVfPWw&utm_campaign=yelp_api_v3&utm_medium=api_v3_business_search&utm_source=U3LEAeelRDkwcg95qVfPWw,175,33-17 30th Ave,Astoria,NY,11103,40.7658014094971,-73.9191635864046,2022-04-23,5.0,"I go out of my way for this place, the staff is so friendly and it's the only place I've ever seen Brown Sugar Boba Frappe. I absolutely love this drink! I..."
7ov7U0U9UbzRjlLw7wL9bg,the-teapsy-new-york-astoria,The Teapsy New York,4.5,https://www.yelp.com/biz/the-teapsy-new-york-astoria?adjust_creative=U3LEAeelRDkwcg95qVfPWw&utm_campaign=yelp_api_v3&utm_medium=api_v3_business_search&utm_source=U3LEAeelRDkwcg95qVfPWw,175,33-17 30th Ave,Astoria,NY,11103,40.7658014094971,-73.9191635864046,2021-11-06,3.0,"We were excited to try this Boba spot based on review and honestly we were kind of disappointed... 
The Taro Tea was clunky and didn't give you that..."
Q3fmTHT7zilDWtfzLK9lMA,truedan-new-york-3,Truedan,4.5,https://www.yelp.com/biz/truedan-new-york-3?adjust_creative=U3LEAeelRDkwcg95qVfPWw&utm_campaign=yelp_api_v3&utm_medium=api_v3_business_search&utm_source=U3LEAeelRDkwcg95qVfPWw,105,208 Grand St,New York,NY,10013,40.7191742,-73.9962197,2022-03-03,5.0,"Favorite boba place! 

They have jasmine tea jelly which is very yummy and unique. Mix berry black tea does taste like medicine though. 

Employees are nice..."
Q3fmTHT7zilDWtfzLK9lMA,truedan-new-york-3,Truedan,4.5,https://www.yelp.com/biz/truedan-new-york-3?adjust_creative=U3LEAeelRDkwcg95qVfPWw&utm_campaign=yelp_api_v3&utm_medium=api_v3_business_search&utm_source=U3LEAeelRDkwcg95qVfPWw,105,208 Grand St,New York,NY,10013,40.7191742,-73.9962197,2022-07-10,4.0,"My friend and I got the Classic Black Latte (Milk Tea) with Boba and a Jasmine Macchiato with Cheese Foam.

My Milk Tea was 70% sugar, 70% ice, and it..."
Q3fmTHT7zilDWtfzLK9lMA,truedan-new-york-3,Truedan,4.5,https://www.yelp.com/biz/truedan-new-york-3?adjust_creative=U3LEAeelRDkwcg95qVfPWw&utm_campaign=yelp_api_v3&utm_medium=api_v3_business_search&utm_source=U3LEAeelRDkwcg95qVfPWw,105,208 Grand St,New York,NY,10013,40.7191742,-73.9962197,2022-06-28,4.0,Came in on a weekday afternoon and there were quite a few people ordering and waiting! Their drinks are pretty aesthetic too. Menu is diverse. Lots of...
-yyCWn1iihJ3XpFNIq16-w,shiny-tea-new-york,Shiny Tea,4.5,https://www.yelp.com/biz/shiny-tea-new-york?adjust_creative=U3LEAeelRDkwcg95qVfPWw&utm_campaign=yelp_api_v3&utm_medium=api_v3_business_search&utm_source=U3LEAeelRDkwcg95qVfPWw,143,2667 Broadway,New York,NY,10025,40.79823,-73.9695,2022-07-17,5.0,Highly recommend the Jade Milk Tea. Best bubble tea I have ever had. I was told the jade is stronger than the jasmine and you can really tell it's high...
-yyCWn1iihJ3XpFNIq16-w,shiny-tea-new-york,Shiny Tea,4.5,https://www.yelp.com/biz/shiny-tea-new-york?adjust_creative=U3LEAeelRDkwcg95qVfPWw&utm_campaign=yelp_api_v3&utm_medium=api_v3_business_search&utm_source=U3LEAeelRDkwcg95qVfPWw,143,2667 Broadway,New York,NY,10025,40.79823,-73.9695,2022-05-15,4.0,"After exploring the Conservatory Garden and North Woods on a warm, humid NYC day, wife and I wanted a refreshing drink and to just sit down. We found Shiny..."
-yyCWn1iihJ3XpFNIq16-w,shiny-tea-new-york,Shiny Tea,4.5,https://www.yelp.com/biz/shiny-tea-new-york?adjust_creative=U3LEAeelRDkwcg95qVfPWw&utm_campaign=yelp_api_v3&utm_medium=api_v3_business_search&utm_source=U3LEAeelRDkwcg95qVfPWw,143,2667 Broadway,New York,NY,10025,40.79823,-73.9695,2022-07-10,4.0,"The tiniest of tea shops.  This place is probably as narrow as it gets, great for grab-and-go (obviously).  The tea here isn't the best but will get the job..."
7-bx74TooPuZKZDNW4WFcQ,chun-yang-tea-new-york,Chun Yang Tea,4.5,https://www.yelp.com/biz/chun-yang-tea-new-york?adjust_creative=U3LEAeelRDkwcg95qVfPWw&utm_campaign=yelp_api_v3&utm_medium=api_v3_business_search&utm_source=U3LEAeelRDkwcg95qVfPWw,103,26B Elizabeth St,New York,NY,10013,40.71617,-73.9971,2022-07-19,5.0,"Okay, came back to try more flavours.

Tried the Kiwi Yakult - delicious.

Mango Cheese Drink - so good.

Passion Fruit Green Tea - my go to drink, but will..."
7-bx74TooPuZKZDNW4WFcQ,chun-yang-tea-new-york,Chun Yang Tea,4.5,https://www.yelp.com/biz/chun-yang-tea-new-york?adjust_creative=U3LEAeelRDkwcg95qVfPWw&utm_campaign=yelp_api_v3&utm_medium=api_v3_business_search&utm_source=U3LEAeelRDkwcg95qVfPWw,103,26B Elizabeth St,New York,NY,10013,40.71617,-73.9971,2022-05-31,5.0,"I have only been once so this is just a ""first time"" kind of review.

I had the Oolong Tea Latte with Pudding Unsweetened. 
It's usually my go to in other..."
7-bx74TooPuZKZDNW4WFcQ,chun-yang-tea-new-york,Chun Yang Tea,4.5,https://www.yelp.com/biz/chun-yang-tea-new-york?adjust_creative=U3LEAeelRDkwcg95qVfPWw&utm_campaign=yelp_api_v3&utm_medium=api_v3_business_search&utm_source=U3LEAeelRDkwcg95qVfPWw,103,26B Elizabeth St,New York,NY,10013,40.71617,-73.9971,2022-05-03,3.0,Not a fan... but maybe my drink was just a fluke. I got an oolong tea latte with boba and there was barely any tea flavor and the boba was tasteless....
t01jp2WFJvAWh_TGk7Aguw,infinitea-ny-astoria,INFINITEA NY,4.5,https://www.yelp.com/biz/infinitea-ny-astoria?adjust_creative=U3LEAeelRDkwcg95qVfPWw&utm_campaign=yelp_api_v3&utm_medium=api_v3_business_search&utm_source=U3LEAeelRDkwcg95qVfPWw,127,2309 Astoria Blvd,Astoria,NY,11102,40.77185,-73.9237799,2022-03-29,5.0,I order from this location for delivery pretty often because it has the best Poke bowls in the Astoria area! You can't convince me otherwise! The bowls are...
t01jp2WFJvAWh_TGk7Aguw,infinitea-ny-astoria,INFINITEA NY,4.5,https://www.yelp.com/biz/infinitea-ny-astoria?adjust_creative=U3LEAeelRDkwcg95qVfPWw&utm_campaign=yelp_api_v3&utm_medium=api_v3_business_search&utm_source=U3LEAeelRDkwcg95qVfPWw,127,2309 Astoria Blvd,Astoria,NY,11102,40.77185,-73.9237799,2022-03-18,5.0,This is a great local mom and pop bubble tea spot! it quickly has become a staple in my weekly routine during a walk around Astoria. If you plan to stop in...
t01jp2WFJvAWh_TGk7Aguw,infinitea-ny-astoria,INFINITEA NY,4.5,https://www.yelp.com/biz/infinitea-ny-astoria?adjust_creative=U3LEAeelRDkwcg95qVfPWw&utm_campaign=yelp_api_v3&utm_medium=api_v3_business_search&utm_source=U3LEAeelRDkwcg95qVfPWw,127,2309 Astoria Blvd,Astoria,NY,11102,40.77185,-73.9237799,2022-07-06,5.0,I love their acai bowls and the mango slush!! Their customer service was great too. Clean and chill vibes
g-K9RFraEyOoY3IgszBCeQ,teazzi-tea-shop-new-york,Teazzi Tea Shop,4.0,https://www.yelp.com/biz/teazzi-tea-shop-new-york?adjust_creative=U3LEAeelRDkwcg95qVfPWw&utm_campaign=yelp_api_v3&utm_medium=api_v3_business_search&utm_source=U3LEAeelRDkwcg95qVfPWw,165,47 W 14th St,New York,NY,10011,40.7371,-73.99582,2022-04-28,5.0,Woah this boba spot is so good! Adding Teazzi to the top of my NYC boba list. Their boba is perfectly chewy and sweet (definitely soaked in some sort of...
g-K9RFraEyOoY3IgszBCeQ,teazzi-tea-shop-new-york,Teazzi Tea Shop,4.0,https://www.yelp.com/biz/teazzi-tea-shop-new-york?adjust_creative=U3LEAeelRDkwcg95qVfPWw&utm_campaign=yelp_api_v3&utm_medium=api_v3_business_search&utm_source=U3LEAeelRDkwcg95qVfPWw,165,47 W 14th St,New York,NY,10011,40.7371,-73.99582,2022-06-22,2.0,I guess you can't be fooled by the aesthetic of a place or how well a place markets their tea and how authentic it might feel. I appreciate that Teazzi...
g-K9RFraEyOoY3IgszBCeQ,teazzi-tea-shop-new-york,Teazzi Tea Shop,4.0,https://www.yelp.com/biz/teazzi-tea-shop-new-york?adjust_creative=U3LEAeelRDkwcg95qVfPWw&utm_campaign=yelp_api_v3&utm_medium=api_v3_business_search&utm_source=U3LEAeelRDkwcg95qVfPWw,165,47 W 14th St,New York,NY,10011,40.7371,-73.99582,2022-06-19,4.0,"Good but pricey!

I got a deep roast oolong as a milk tea, half sweet with 30% ice and was pleasantly surprised! The tea flavor is great and the boba has a..."
UVlVOcCpV4qEfA_vo2BNdg,cheesecake-diva-brooklyn,Cheesecake Diva,4.5,https://www.yelp.com/biz/cheesecake-diva-brooklyn?adjust_creative=U3LEAeelRDkwcg95qVfPWw&utm_campaign=yelp_api_v3&utm_medium=api_v3_business_search&utm_source=U3LEAeelRDkwcg95qVfPWw,106,7309 3rd Ave,Brooklyn,NY,11209,40.632459,-74.02709,2022-06-20,5.0,Love it! Store is cute in decor and food.  Discovered this place by accident.  Their cheesecakes are 20+ flavors and they're either palm size or 1 inch...
UVlVOcCpV4qEfA_vo2BNdg,cheesecake-diva-brooklyn,Cheesecake Diva,4.5,https://www.yelp.com/biz/cheesecake-diva-brooklyn?adjust_creative=U3LEAeelRDkwcg95qVfPWw&utm_campaign=yelp_api_v3&utm_medium=api_v3_business_search&utm_source=U3LEAeelRDkwcg95qVfPWw,106,7309 3rd Ave,Brooklyn,NY,11209,40.632459,-74.02709,2022-07-12,4.0,Solid food. Loved how creamy the cheesecake is and the small pieces are the perfect size. Also enjoyed their bubble tea
UVlVOcCpV4qEfA_vo2BNdg,cheesecake-diva-brooklyn,Cheesecake Diva,4.5,https://www.yelp.com/biz/cheesecake-diva-brooklyn?adjust_creative=U3LEAeelRDkwcg95qVfPWw&utm_campaign=yelp_api_v3&utm_medium=api_v3_business_search&utm_source=U3LEAeelRDkwcg95qVfPWw,106,7309 3rd Ave,Brooklyn,NY,11209,40.632459,-74.02709,2022-06-19,5.0,YUM! This place has the best cheesecake I have ever eaten. I've tried other cheesecake places around Bay Ridge and a lot of them had cheesecakes that would...
r8PoVfV5vKmrLxSjbcfQLA,squarrel-cafe-brooklyn,Squarrel Cafe,4.5,https://www.yelp.com/biz/squarrel-cafe-brooklyn?adjust_creative=U3LEAeelRDkwcg95qVfPWw&utm_campaign=yelp_api_v3&utm_medium=api_v3_business_search&utm_source=U3LEAeelRDkwcg95qVfPWw,81,572 Atlantic Ave,Brooklyn,NY,11217,40.684461545041856,-73.97889268956743,2022-07-19,5.0,I come here semi-regularly for boba drinks. I love that they have both almond milk and oat milk available (for 75 cents extra) to make drinks more...
r8PoVfV5vKmrLxSjbcfQLA,squarrel-cafe-brooklyn,Squarrel Cafe,4.5,https://www.yelp.com/biz/squarrel-cafe-brooklyn?adjust_creative=U3LEAeelRDkwcg95qVfPWw&utm_campaign=yelp_api_v3&utm_medium=api_v3_business_search&utm_source=U3LEAeelRDkwcg95qVfPWw,81,572 Atlantic Ave,Brooklyn,NY,11217,40.684461545041856,-73.97889268956743,2022-05-11,5.0,"Summer float with crystal boba 8/10 
lced yuan Yang tea 7/10
Grilled cheese 9/10
Latte 7/10"
r8PoVfV5vKmrLxSjbcfQLA,squarrel-cafe-brooklyn,Squarrel Cafe,4.5,https://www.yelp.com/biz/squarrel-cafe-brooklyn?adjust_creative=U3LEAeelRDkwcg95qVfPWw&utm_campaign=yelp_api_v3&utm_medium=api_v3_business_search&utm_source=U3LEAeelRDkwcg95qVfPWw,81,572 Atlantic Ave,Brooklyn,NY,11217,40.684461545041856,-73.97889268956743,2022-02-18,5.0,"Ahh, I really wish there was a place like this for us youngsters when I was back in high school. This game is exactly what I imagined a board game cafe..."
UDM8lMwPKTN4BqdtJvT0lg,lotus-vietnamese-sandwiches-brooklyn,Lotus Vietnamese Sandwiches,4.0,https://www.yelp.com/biz/lotus-vietnamese-sandwiches-brooklyn?adjust_creative=U3LEAeelRDkwcg95qVfPWw&utm_campaign=yelp_api_v3&utm_medium=api_v3_business_search&utm_source=U3LEAeelRDkwcg95qVfPWw,267,229 5th Ave,Brooklyn,NY,11215,40.675468,-73.980812,2022-03-24,4.0,"Excellent prices & fast service. Last week, I tried 
1- Thai Milk Bubble Tea 
2- Rice Vermicelli salad 

I chose skim milk for the tea. Not all bubble tea..."
UDM8lMwPKTN4BqdtJvT0lg,lotus-vietnamese-sandwiches-brooklyn,Lotus Vietnamese Sandwiches,4.0,https://www.yelp.com/biz/lotus-vietnamese-sandwiches-brooklyn?adjust_creative=U3LEAeelRDkwcg95qVfPWw&utm_campaign=yelp_api_v3&utm_medium=api_v3_business_search&utm_source=U3LEAeelRDkwcg95qVfPWw,267,229 5th Ave,Brooklyn,NY,11215,40.675468,-73.980812,2022-05-28,5.0,"Small but really great priced Vietnamese place, especially for Park Slope. I got the classic bubble tea and Vietnamese sandwich. Friendly staff (even while..."
UDM8lMwPKTN4BqdtJvT0lg,lotus-vietnamese-sandwiches-brooklyn,Lotus Vietnamese Sandwiches,4.0,https://www.yelp.com/biz/lotus-vietnamese-sandwiches-brooklyn?adjust_creative=U3LEAeelRDkwcg95qVfPWw&utm_campaign=yelp_api_v3&utm_medium=api_v3_business_search&utm_source=U3LEAeelRDkwcg95qVfPWw,267,229 5th Ave,Brooklyn,NY,11215,40.675468,-73.980812,2021-06-17,4.0,"I was craving some banh mi that wasn't pork, so I was happy when I saw Lotus had grilled chicken on the menu. 

I ordered the Grilled Chicken (dark meat)..."
6Vb5PonmBLuOeDCn9FW-7w,sip-n-play-brooklyn,Sip N' Play,5.0,https://www.yelp.com/biz/sip-n-play-brooklyn?adjust_creative=U3LEAeelRDkwcg95qVfPWw&utm_campaign=yelp_api_v3&utm_medium=api_v3_business_search&utm_source=U3LEAeelRDkwcg95qVfPWw,65,471 5th Ave,Brooklyn,NY,11228,40.668095,-73.986879,2022-05-13,5.0,"Definately a great alternative with friends that isn't a bar !

Upon walking in staff friendly and greets you. It is 8 dollars per person for three hours of..."
6Vb5PonmBLuOeDCn9FW-7w,sip-n-play-brooklyn,Sip N' Play,5.0,https://www.yelp.com/biz/sip-n-play-brooklyn?adjust_creative=U3LEAeelRDkwcg95qVfPWw&utm_campaign=yelp_api_v3&utm_medium=api_v3_business_search&utm_source=U3LEAeelRDkwcg95qVfPWw,65,471 5th Ave,Brooklyn,NY,11228,40.668095,-73.986879,2022-02-20,3.0,"There are:
Board games: the games I was looking for..I found and they were in good condition, 

Bubble tea: haven't gotten the chance to get too immersed in..."
6Vb5PonmBLuOeDCn9FW-7w,sip-n-play-brooklyn,Sip N' Play,5.0,https://www.yelp.com/biz/sip-n-play-brooklyn?adjust_creative=U3LEAeelRDkwcg95qVfPWw&utm_campaign=yelp_api_v3&utm_medium=api_v3_business_search&utm_source=U3LEAeelRDkwcg95qVfPWw,65,471 5th Ave,Brooklyn,NY,11228,40.668095,-73.986879,2022-04-11,4.0,"Good bubble tea, a great variety of games, fun snacks. It was a nice experience, even though the place is a little small."
graCalOReFFFOaC0febodw,minus-celsius-ice-cream-new-york,Minus Celsius Ice Cream,4.0,https://www.yelp.com/biz/minus-celsius-ice-cream-new-york?adjust_creative=U3LEAeelRDkwcg95qVfPWw&utm_campaign=yelp_api_v3&utm_medium=api_v3_business_search&utm_source=U3LEAeelRDkwcg95qVfPWw,163,302 Grand St,New York,NY,10002,40.7176,-73.99163,2022-07-07,5.0,"My favvvorite spot for a treat in NYC! Big serving size, good service and all around worth the money spent. Very delicious!!!"
graCalOReFFFOaC0febodw,minus-celsius-ice-cream-new-york,Minus Celsius Ice Cream,4.0,https://www.yelp.com/biz/minus-celsius-ice-cream-new-york?adjust_creative=U3LEAeelRDkwcg95qVfPWw&utm_campaign=yelp_api_v3&utm_medium=api_v3_business_search&utm_source=U3LEAeelRDkwcg95qVfPWw,163,302 Grand St,New York,NY,10002,40.7176,-73.99163,2022-03-22,4.0,Great spot for rolled ice cream. I got the Bussin Monkey rolled ice cream (chocolate with Nutella and banana mixed in) with an egg waffle. The egg waffle...
graCalOReFFFOaC0febodw,minus-celsius-ice-cream-new-york,Minus Celsius Ice Cream,4.0,https://www.yelp.com/biz/minus-celsius-ice-cream-new-york?adjust_creative=U3LEAeelRDkwcg95qVfPWw&utm_campaign=yelp_api_v3&utm_medium=api_v3_business_search&utm_source=U3LEAeelRDkwcg95qVfPWw,163,302 Grand St,New York,NY,10002,40.7176,-73.99163,2022-06-24,3.0,Wanted to try this place because I've never had rolled ice cream. It was rather disappointing but I did like that you can add unlimited toppings for no...
2SMaAUcbNjW7vSwdg38P2Q,ajisen-ramen-new-york-2,Ajisen Ramen,3.5,https://www.yelp.com/biz/ajisen-ramen-new-york-2?adjust_creative=U3LEAeelRDkwcg95qVfPWw&utm_campaign=yelp_api_v3&utm_medium=api_v3_business_search&utm_source=U3LEAeelRDkwcg95qVfPWw,448,136 W 28th St,New York,NY,10001,40.74661,-73.9921,2022-05-17,5.0,"This was right next to our hotel. It was very convenient, quick, and tasty. The prices are decent for ramen. Not sure what's the situation with staff but..."
2SMaAUcbNjW7vSwdg38P2Q,ajisen-ramen-new-york-2,Ajisen Ramen,3.5,https://www.yelp.com/biz/ajisen-ramen-new-york-2?adjust_creative=U3LEAeelRDkwcg95qVfPWw&utm_campaign=yelp_api_v3&utm_medium=api_v3_business_search&utm_source=U3LEAeelRDkwcg95qVfPWw,448,136 W 28th St,New York,NY,10001,40.74661,-73.9921,2022-06-12,1.0,"The worst ramen ever! Tasteless and horrible meat.

By far the worst Ramen  I've ever had in my life.

#BoycottAjisenRamen #NeverAgain"
2SMaAUcbNjW7vSwdg38P2Q,ajisen-ramen-new-york-2,Ajisen Ramen,3.5,https://www.yelp.com/biz/ajisen-ramen-new-york-2?adjust_creative=U3LEAeelRDkwcg95qVfPWw&utm_campaign=yelp_api_v3&utm_medium=api_v3_business_search&utm_source=U3LEAeelRDkwcg95qVfPWw,448,136 W 28th St,New York,NY,10001,40.74661,-73.9921,2022-07-15,5.0,"Quick, consistent, reliable and affordable lunch. A go-to for me when I'm working. Friendly staff."
0k6dQ0Ec2dVo1eZ_tPgr0Q,juicy-cube-new-york,Juicy Cube,4.0,https://www.yelp.com/biz/juicy-cube-new-york?adjust_creative=U3LEAeelRDkwcg95qVfPWw&utm_campaign=yelp_api_v3&utm_medium=api_v3_business_search&utm_source=U3LEAeelRDkwcg95qVfPWw,215,674 Lexington Ave,New York,NY,10022,40.7602119445801,-73.9696807861328,2021-07-11,5.0,"Great smoothies. 
Fresh ingredients. 
Awesome acai bowls and smoothies. 
The Brazilian beauty is one of my favorite. 
I've also had their kale smoothie with..."
0k6dQ0Ec2dVo1eZ_tPgr0Q,juicy-cube-new-york,Juicy Cube,4.0,https://www.yelp.com/biz/juicy-cube-new-york?adjust_creative=U3LEAeelRDkwcg95qVfPWw&utm_campaign=yelp_api_v3&utm_medium=api_v3_business_search&utm_source=U3LEAeelRDkwcg95qVfPWw,215,674 Lexington Ave,New York,NY,10022,40.7602119445801,-73.9696807861328,2021-03-30,3.0,"Another place for açaí bowls. It's okay. Juicy Cube had good stuff. Kind of overpriced a bit. There's good options for vegans. 

Best thing are the açaí..."
0k6dQ0Ec2dVo1eZ_tPgr0Q,juicy-cube-new-york,Juicy Cube,4.0,https://www.yelp.com/biz/juicy-cube-new-york?adjust_creative=U3LEAeelRDkwcg95qVfPWw&utm_campaign=yelp_api_v3&utm_medium=api_v3_business_search&utm_source=U3LEAeelRDkwcg95qVfPWw,215,674 Lexington Ave,New York,NY,10022,40.7602119445801,-73.9696807861328,2020-07-19,4.0,Walked in for a refreshing and heavy on the dollar drink. I honestly think this was worth the money for me after walking several hot blocks down midtown...
